URL,Scraped_At
https://www.watsons.co.th/th/%E0%B8%A5%E0%B8%AD%E0%B8%A3%E0%B8%B5%E0%B8%AD%E0%B8%B1%E0%B8%A5-%E0%B8%9B%E0%B8%B2%E0%B8%A3%E0%B8%B5%E0%B8%AA-%E0%B9%80%E0%B8%AD%E0%B8%A5%E0%B9%81%E0%B8%8B%E0%B8%9F-%E0%B9%80%E0%B8%AD%E0%B9%87%E0%B8%81%E0%B8%8B%E0%B9%8C%E0%B8%95%E0%B8%A3%E0%B8%AD%E0%B8%A7%E0%B9%8C%E0%B8%94%E0%B8%B4%E0%B8%99%E0%B8%B2%E0%B8%A3%E0%B8%B5%E0%B9%88%E0%B8%AD%E0%B8%AD%E0%B8%A2%E0%B8%A5%E0%B9%8C%E0%B9%80%E0%B8%8B%E0%B8%A3%E0%B8%B1%E0%B9%88%E0%B8%A1%E0%B8%A7%E0%B8%B4%E0%B8%97-6-%E0%B8%9E%E0%B8%A3%E0%B8%B5%E0%B9%80%E0%B8%8A%E0%B8%B5%E0%B8%A2%E0%B8%AA-%E0%B8%9F%E0%B8%A5%E0%B8%AD%E0%B8%A3%E0%B8%B1%E0%B8%A5-%E0%B8%AD%E0%B8%AD%E0%B8%A2%E0%B8%A5%E0%B9%8C-100-%E0%B8%A1%E0%B8%A5./p/BP_250783,2025-08-25 15:08:56
https://www.watsons.co.th/th/%E0%B9%80%E0%B8%8B%E0%B8%A3%E0%B8%B1%E0%B9%88%E0%B8%A1%E0%B8%9C%E0%B8%B4%E0%B8%A7%E0%B9%81%E0%B8%9E%E0%B9%89%E0%B8%87%E0%B9%88%E0%B8%B2%E0%B8%A2-%E0%B8%A1%E0%B8%B2%E0%B8%94%E0%B8%B2%E0%B8%81%E0%B8%B1%E0%B8%AA%E0%B8%81%E0%B8%B2%E0%B8%A3%E0%B9%8C-madagascar-centella-ampoule-%E0%B9%80%E0%B8%8B%E0%B8%99%E0%B9%80%E0%B8%97%E0%B8%A5%E0%B8%A5%E0%B9%88%E0%B8%B2-%E0%B9%81%E0%B8%AD%E0%B8%A1%E0%B8%9E%E0%B8%A5%E0%B8%B9-55-%E0%B8%A1%E0%B8%A5./p/BP_293431,2025-08-25 15:08:56
https://www.watsons.co.th/th/%E0%B8%A2%E0%B8%B9%E0%B9%80%E0%B8%8B%E0%B8%AD%E0%B8%A3%E0%B8%B4%E0%B8%99-%E0%B8%AA%E0%B8%9B%E0%B8%AD%E0%B8%95%E0%B9%80%E0%B8%A5%E0%B8%AA-%E0%B9%84%E0%B8%9A%E0%B8%A3%E0%B8%97%E0%B9%8C%E0%B9%80%E0%B8%97%E0%B8%99%E0%B8%99%E0%B8%B4%E0%B9%88%E0%B8%87-%E0%B8%AA%E0%B8%81%E0%B8%B4%E0%B8%99-%E0%B9%82%E0%B8%97%E0%B8%99-%E0%B9%80%E0%B8%9E%E0%B8%AD%E0%B8%A3%E0%B9%8C%E0%B9%80%E0%B8%9F%E0%B8%84%E0%B8%95%E0%B8%B4%E0%B9%89%E0%B8%87-%E0%B8%9A%E0%B8%AD%E0%B8%94%E0%B8%B5%E0%B9%89-%E0%B9%82%E0%B8%A5%E0%B8%8A%E0%B8%B1%E0%B9%88%E0%B8%99-250-%E0%B8%A1%E0%B8%A5./p/BP_309319,2025-08-25 15:08:56
https://www.watsons.co.th/th/g-lucky-fit-%E0%B8%88%E0%B8%B5-%E0%B8%A5%E0%B8%B1%E0%B8%84%E0%B8%81%E0%B8%B5%E0%B9%89-%E0%B8%9F%E0%B8%B4%E0%B8%95-%E0%B8%AB%E0%B8%99%E0%B9%89%E0%B8%B2%E0%B8%81%E0%B8%B2%E0%B8%81%E0%B8%AD%E0%B8%99%E0%B8%B2%E0%B8%A1%E0%B8%B1%E0%B8%A2-3-%E0%B8%A1%E0%B8%B4%E0%B8%95%E0%B8%B4-%E0%B8%AA%E0%B8%B5%E0%B8%82%E0%B8%B2%E0%B8%A7-30-%E0%B8%8A%E0%B8%B4%E0%B9%89%E0%B8%99/p/BP_306131,2025-08-25 15:08:56
https://www.watsons.co.th/th/%E0%B9%81%E0%B8%9A%E0%B8%A5%E0%B8%84%E0%B8%A1%E0%B8%AD%E0%B8%A3%E0%B9%8C%E0%B8%AA-%E0%B9%84%E0%B8%9A%E0%B9%82%E0%B8%AD-%E0%B8%8B%E0%B8%B5-1000-%E0%B8%A1%E0%B8%81.-%E0%B9%80%E0%B8%94%E0%B8%A5%E0%B8%B5-%E0%B9%84%E0%B8%AD%E0%B8%A1%E0%B8%B9-60-%E0%B9%80%E0%B8%A1%E0%B9%87%E0%B8%94/p/BP_313664,2025-08-25 15:08:56
https://www.watsons.co.th/th/swisse-grape-seed-%E0%B8%AA%E0%B8%A7%E0%B8%B4%E0%B8%AA%E0%B9%80%E0%B8%8B-%E0%B9%80%E0%B8%81%E0%B8%A3%E0%B8%9B%E0%B8%8B%E0%B8%B5%E0%B8%94-60-%E0%B9%80%E0%B8%A1%E0%B9%87%E0%B8%94-%E0%B8%9C%E0%B8%A5%E0%B8%B4%E0%B8%95%E0%B8%A0%E0%B8%B1%E0%B8%93%E0%B8%91%E0%B9%8C%E0%B9%80%E0%B8%AA%E0%B8%A3%E0%B8%B4%E0%B8%A1%E0%B8%AD%E0%B8%B2%E0%B8%AB%E0%B8%B2%E0%B8%A3%E0%B8%88%E0%B8%B2%E0%B8%81%E0%B8%AA%E0%B8%B2%E0%B8%A3%E0%B8%AA%E0%B8%81%E0%B8%B1%E0%B8%94%E0%B9%80%E0%B8%A1%E0%B8%A5%E0%B9%87%E0%B8%94%E0%B8%AD%E0%B8%87%E0%B8%B8%E0%B9%88%E0%B8%99/p/BP_305798,2025-08-25 15:08:56
https://www.watsons.co.th/th/%E0%B9%80%E0%B8%A1%E0%B8%A2%E0%B9%8C%E0%B9%80%E0%B8%9A%E0%B8%A5%E0%B8%A5%E0%B8%B5%E0%B8%99-%E0%B8%AD%E0%B8%B2%E0%B8%A2%E0%B8%A5%E0%B8%B4%E0%B8%9B-%E0%B8%A3%E0%B8%B5%E0%B8%A1%E0%B8%B9%E0%B8%9F%E0%B9%80%E0%B8%A7%E0%B8%AD%E0%B8%A3%E0%B9%8C-150-%E0%B8%A1%E0%B8%A5./p/BP_255543,2025-08-25 15:08:56
https://www.watsons.co.th/th/%E0%B8%A5%E0%B8%B2-%E0%B9%82%E0%B8%A3%E0%B8%8A-%E0%B9%82%E0%B8%9E%E0%B9%80%E0%B8%8B%E0%B8%A2%E0%B9%8C-%E0%B9%81%E0%B8%AD%E0%B8%99%E0%B9%80%E0%B8%97%E0%B8%A5%E0%B8%B4%E0%B9%82%E0%B8%AD%E0%B8%AA-%E0%B8%A2%E0%B8%B9%E0%B8%A7%E0%B8%B5%E0%B8%A1%E0%B8%B9%E0%B8%99400-%E0%B9%81%E0%B8%AD%E0%B8%99%E0%B9%84%E0%B8%97-%E0%B8%94%E0%B8%B2%E0%B8%A3%E0%B9%8C%E0%B8%81-%E0%B8%AA%E0%B8%9B%E0%B8%AD%E0%B8%95-%E0%B8%9F%E0%B8%A5%E0%B8%B9%E0%B8%AD%E0%B8%B4%E0%B8%94-spf50-50%E0%B8%A1%E0%B8%A5./p/BP_317508,2025-08-25 15:08:56
https://www.watsons.co.th/th/%E0%B9%80%E0%B8%84%E0%B8%97%E0%B8%B5%E0%B9%88%E0%B8%94%E0%B8%AD%E0%B8%A5%E0%B8%A5%E0%B9%8C-%E0%B8%99%E0%B8%AD%E0%B8%95-%E0%B8%97%E0%B8%B9-%E0%B9%81%E0%B8%A1%E0%B8%97%E0%B8%97%E0%B9%8C-%E0%B8%A5%E0%B8%B4%E0%B8%9B-2.9%E0%B8%81.-01-%E0%B8%9E%E0%B8%B5%E0%B8%84-%E0%B8%AD%E0%B8%B0-%E0%B8%9A%E0%B8%B9/p/BP_315796,2025-08-25 15:08:56
https://www.watsons.co.th/th/%E0%B8%A8%E0%B8%A8%E0%B8%B4-%E0%B8%84%E0%B8%B4%E0%B8%AA-%E0%B9%81%E0%B8%AD%E0%B8%99%E0%B8%94%E0%B9%8C-%E0%B8%9A%E0%B8%A5%E0%B8%B1%E0%B8%8A-%E0%B8%AA%E0%B8%95%E0%B8%B4%E0%B9%8A%E0%B8%81-4%E0%B8%81.-03-%E0%B9%80%E0%B8%9F%E0%B8%B4%E0%B8%A3%E0%B9%8C%E0%B8%AA%E0%B8%97-%E0%B8%84%E0%B8%B4%E0%B8%AA/p/BP_300027,2025-08-25 15:08:56
https://www.watsons.co.th/th/%E0%B8%97%E0%B8%A3%E0%B8%B5%E0%B8%8B%E0%B8%B5%E0%B8%AD%E0%B8%B5-%E0%B9%80%E0%B8%A5%E0%B9%80%E0%B8%A2%E0%B8%AD%E0%B8%A3%E0%B9%8C-%E0%B8%AD%E0%B8%B2%E0%B8%A2-7.5%E0%B8%81.-%E0%B9%82%E0%B8%A1%E0%B8%9F%E0%B8%A7%E0%B9%8C-%E0%B8%8A%E0%B8%B4%E0%B8%84/p/BP_318665,2025-08-25 15:08:56
https://www.watsons.co.th/th/cerave-moisturizing-lotion-%E0%B9%80%E0%B8%8B%E0%B8%A3%E0%B8%B2%E0%B8%A7%E0%B8%B5-%E0%B8%A1%E0%B8%AD%E0%B8%A2%E0%B8%8B%E0%B9%8C%E0%B9%80%E0%B8%88%E0%B8%AD%E0%B8%A3%E0%B9%8C%E0%B9%84%E0%B8%A3%E0%B8%8B%E0%B8%B4%E0%B9%88%E0%B8%87-%E0%B9%82%E0%B8%A5%E0%B8%8A%E0%B8%B1%E0%B9%88%E0%B8%99-88-%E0%B8%A1%E0%B8%A5./p/BP_275378,2025-08-25 15:08:56
https://www.watsons.co.th/th/%E0%B8%8B%E0%B8%B5%E0%B8%A7%E0%B8%B4%E0%B8%95%E0%B9%89%E0%B8%B2-%E0%B9%81%E0%B8%AD%E0%B8%84%E0%B8%97%E0%B8%B5%E0%B8%9F70x-%E0%B8%84%E0%B8%AD%E0%B8%A5%E0%B8%A5%E0%B8%B2%E0%B9%80%E0%B8%88%E0%B8%99-%E0%B8%9E%E0%B8%A5%E0%B8%B1%E0%B8%AA-%E0%B8%9E%E0%B8%A3%E0%B8%B5%E0%B9%82%E0%B8%9A-%E0%B9%81%E0%B8%AD%E0%B8%99%E0%B8%94%E0%B9%8C-%E0%B8%8B%E0%B8%B4%E0%B8%87%E0%B8%84%E0%B9%8C-30-%E0%B8%8B%E0%B8%AD%E0%B8%87-%E0%B8%9E%E0%B8%A3%E0%B8%B5%E0%B9%84%E0%B8%9A%E0%B9%82%E0%B8%AD%E0%B8%95%E0%B8%B4%E0%B8%81%E0%B9%81%E0%B8%A5%E0%B8%B0%E0%B8%8B%E0%B8%B4%E0%B8%87%E0%B8%84%E0%B9%8C/p/BP_300202,2025-08-25 15:08:56
https://www.watsons.co.th/th/%E0%B8%A7%E0%B8%B2%E0%B8%AA%E0%B8%A5%E0%B8%B5%E0%B8%99-%E0%B9%80%E0%B8%AE%E0%B8%A5%E0%B8%98%E0%B8%B5%E0%B9%89-%E0%B9%84%E0%B8%9A%E0%B8%A3%E0%B8%97%E0%B9%8C-%E0%B8%A2%E0%B8%B9%E0%B8%A7%E0%B8%B5-%E0%B9%80%E0%B8%AD%E0%B9%87%E0%B8%81%E0%B8%8B%E0%B9%8C%E0%B8%95%E0%B8%A3%E0%B9%89%E0%B8%B2-%E0%B9%84%E0%B8%9A%E0%B8%A3%E0%B8%97%E0%B9%8C%E0%B9%80%E0%B8%97%E0%B8%99%E0%B8%99%E0%B8%B4%E0%B9%88%E0%B8%87-%E0%B8%81%E0%B8%A5%E0%B8%B9%E0%B8%95%E0%B9%89%E0%B8%B2-%E0%B9%80%E0%B8%8B%E0%B8%A3%E0%B8%B2%E0%B9%84%E0%B8%A1%E0%B8%94%E0%B9%8C-480-%E0%B8%A1%E0%B8%A5./p/BP_203793,2025-08-25 15:08:56
https://www.watsons.co.th/th/%E0%B8%AD%E0%B8%B4%E0%B8%99%E0%B8%97%E0%B8%B9%E0%B8%AD%E0%B8%B4%E0%B8%97-%E0%B9%84%E0%B8%9E%E0%B8%A3%E0%B9%8C%E0%B9%80%E0%B8%A1%E0%B8%AD%E0%B8%A3%E0%B9%8C-%E0%B8%9E%E0%B8%A5%E0%B8%B1%E0%B8%AA-%E0%B8%9E%E0%B8%A5%E0%B8%B1%E0%B8%AA-15-%E0%B8%81%E0%B8%A3%E0%B8%B1%E0%B8%A1-primer-%E0%B9%80%E0%B8%99%E0%B8%B7%E0%B9%89%E0%B8%AD%E0%B8%81%E0%B8%B3%E0%B8%A1%E0%B8%B0%E0%B8%AB%E0%B8%A2%E0%B8%B5%E0%B9%88-%E0%B8%AA%E0%B8%B9%E0%B8%95%E0%B8%A3%E0%B8%81%E0%B8%B1%E0%B8%99%E0%B8%99%E0%B9%89%E0%B8%B3/p/BP_297908,2025-08-25 15:08:56
https://www.watsons.co.th/th/%E0%B9%82%E0%B8%A3%E0%B8%88%E0%B8%B9%E0%B8%84%E0%B8%B4%E0%B8%AA-%E0%B9%84%E0%B8%AE%E0%B9%82%E0%B8%94%E0%B8%A3%E0%B9%80%E0%B8%88%E0%B8%A5-%E0%B8%A1%E0%B8%B2%E0%B8%AA%E0%B9%8C%E0%B8%81-%E0%B9%84%E0%B8%9F%E0%B9%82%E0%B8%95-%E0%B9%80%E0%B8%A3%E0%B8%95%E0%B8%B4%E0%B8%99%E0%B8%AD%E0%B8%A5-1-%E0%B9%81%E0%B8%9C%E0%B9%88%E0%B8%99/p/BP_315783,2025-08-25 15:08:56
https://www.watsons.co.th/th/%E0%B8%AD%E0%B9%80%E0%B8%99%E0%B8%AA%E0%B8%8B%E0%B9%88%E0%B8%B2-%E0%B9%80%E0%B8%9E%E0%B8%AD%E0%B8%A3%E0%B9%8C%E0%B9%80%E0%B8%9F%E0%B8%84-%E0%B8%A2%E0%B8%B9%E0%B8%A7%E0%B8%B5-%E0%B8%8B%E0%B8%B1%E0%B8%99%E0%B8%AA%E0%B8%81%E0%B8%A3%E0%B8%B5%E0%B8%99-%E0%B8%AA%E0%B8%81%E0%B8%B4%E0%B8%99%E0%B9%81%E0%B8%84%E0%B8%A3%E0%B9%8C-%E0%B8%A1%E0%B8%B4%E0%B8%A5%E0%B8%84%E0%B9%8C-%E0%B9%80%E0%B8%AD%E0%B9%87%E0%B8%99%E0%B9%80%E0%B8%AD-%E0%B9%80%E0%B8%AD%E0%B8%AA%E0%B8%9E%E0%B8%B5%E0%B9%80%E0%B8%AD%E0%B8%9F-50-%E0%B8%9E%E0%B8%B5%E0%B9%80%E0%B8%AD-20-%E0%B8%A1%E0%B8%A5./p/BP_309586,2025-08-25 15:08:56
https://www.watsons.co.th/th/%E0%B8%A5%E0%B8%B2-%E0%B9%82%E0%B8%A3%E0%B8%8A-%E0%B9%82%E0%B8%9E%E0%B9%80%E0%B8%8B%E0%B8%A2%E0%B9%8C-%E0%B9%80%E0%B8%A1%E0%B8%A5%E0%B8%B2-%E0%B8%9A%E0%B8%B53-%E0%B9%80%E0%B8%8B%E0%B8%A3%E0%B8%B1%E0%B9%88%E0%B8%A1-30-%E0%B8%A1%E0%B8%A5./p/BP_310787,2025-08-25 15:08:56
https://www.watsons.co.th/th/%E0%B8%99%E0%B9%89%E0%B8%B3%E0%B8%A2%E0%B8%B2%E0%B8%A5%E0%B9%89%E0%B8%B2%E0%B8%87%E0%B8%84%E0%B8%AD%E0%B8%99%E0%B9%81%E0%B8%97%E0%B8%84%E0%B9%80%E0%B8%A5%E0%B8%99%E0%B8%AA%E0%B9%8C-renu-fresh-%E0%B8%A3%E0%B8%B5%E0%B8%99%E0%B8%B4%E0%B8%A7-%E0%B9%80%E0%B8%9F%E0%B8%A3%E0%B8%8A-355-%E0%B8%A1%E0%B8%A5./p/BP_253421,2025-08-25 15:08:56
https://www.watsons.co.th/th/g-lucky-fit-%E0%B8%88%E0%B8%B5-%E0%B8%A5%E0%B8%B1%E0%B8%84%E0%B8%81%E0%B8%B5%E0%B9%89-%E0%B8%9F%E0%B8%B4%E0%B8%95%E0%B8%AB%E0%B8%99%E0%B9%89%E0%B8%B2%E0%B8%81%E0%B8%B2%E0%B8%81%E0%B8%AD%E0%B8%99%E0%B8%B2%E0%B8%A1%E0%B8%B1%E0%B8%A2-3-%E0%B8%A1%E0%B8%B4%E0%B8%95%E0%B8%B4-%E0%B8%AA%E0%B8%B5%E0%B8%82%E0%B8%B2%E0%B8%A7-5-%E0%B8%8A%E0%B8%B4%E0%B9%89%E0%B8%99/p/BP_302958,2025-08-25 15:08:56
https://www.watsons.co.th/th/%E0%B8%A8%E0%B8%A3%E0%B8%B5%E0%B8%88%E0%B8%B1%E0%B8%99%E0%B8%97%E0%B8%A3%E0%B9%8C-%E0%B9%81%E0%B8%9A%E0%B8%A3%E0%B9%8C-%E0%B8%97%E0%B8%B9-%E0%B9%80%E0%B8%9E%E0%B8%AD%E0%B8%A3%E0%B9%8C%E0%B9%80%E0%B8%9F%E0%B8%84%E0%B8%97%E0%B9%8C-%E0%B8%84%E0%B8%AD%E0%B8%A3%E0%B9%8C%E0%B9%80%E0%B8%A3%E0%B8%84%E0%B8%95%E0%B8%B4%E0%B9%89%E0%B8%87-%E0%B8%84%E0%B8%AD%E0%B8%A1%E0%B9%81%E0%B8%9E%E0%B8%84-%E0%B8%9E%E0%B8%B2%E0%B8%A7%E0%B9%80%E0%B8%94%E0%B8%AD%E0%B8%A3%E0%B9%8C-7%E0%B8%81.-01-%E0%B8%8B%E0%B8%AD%E0%B8%9F%E0%B8%97%E0%B9%8C-%E0%B8%9E%E0%B8%B4%E0%B8%87%E0%B8%84%E0%B9%8C/p/BP_319345,2025-08-25 15:08:56
https://www.watsons.co.th/th/g-lucky-3d-%E0%B8%88%E0%B8%B5-%E0%B8%A5%E0%B8%B1%E0%B8%84%E0%B8%81%E0%B8%B5%E0%B9%89-%E0%B8%AB%E0%B8%99%E0%B9%89%E0%B8%B2%E0%B8%81%E0%B8%B2%E0%B8%81%E0%B8%AD%E0%B8%99%E0%B8%B2%E0%B8%A1%E0%B8%B1%E0%B8%A2-3%E0%B8%A1%E0%B8%B4%E0%B8%95%E0%B8%B4-%E0%B8%AA%E0%B8%B5%E0%B8%82%E0%B8%B2%E0%B8%A7-40-%E0%B8%8A%E0%B8%B4%E0%B9%89%E0%B8%99-%E0%B8%81%E0%B8%A5%E0%B9%88%E0%B8%AD%E0%B8%87/p/BP_300274,2025-08-25 15:08:56
https://www.watsons.co.th/th/%E0%B9%80%E0%B8%A1%E0%B8%A2%E0%B9%8C%E0%B9%80%E0%B8%9A%E0%B8%A5%E0%B8%A5%E0%B8%B5%E0%B8%99-%E0%B8%8B%E0%B8%B8%E0%B8%9B%E0%B9%80%E0%B8%9B%E0%B8%AD%E0%B8%A3%E0%B9%8C%E0%B8%AA%E0%B9%80%E0%B8%95%E0%B8%A2%E0%B9%8C-%E0%B9%81%E0%B8%A1%E0%B8%97-%E0%B8%AD%E0%B8%B4%E0%B9%89%E0%B8%87%E0%B8%84%E0%B9%8C-%E0%B8%A1%E0%B8%B4%E0%B8%A7%E0%B8%AA%E0%B8%B4%E0%B8%84-%E0%B8%A5%E0%B8%B4%E0%B8%9B-5%E0%B8%A1%E0%B8%A5.-15-lover/p/BP_308552,2025-08-25 15:08:56
https://www.watsons.co.th/th/%E0%B8%AA%E0%B8%81%E0%B8%B4%E0%B8%99%E0%B8%97%E0%B8%B4%E0%B8%9F%E0%B8%B4%E0%B8%84-5x-%E0%B9%80%E0%B8%8B%E0%B8%A3%E0%B8%B2%E0%B9%84%E0%B8%A1%E0%B8%94%E0%B9%8C-%E0%B8%9A%E0%B8%B2%E0%B9%80%E0%B8%A3%E0%B8%B5%E0%B8%A2%E0%B8%A3%E0%B9%8C-%E0%B8%A3%E0%B8%B5%E0%B9%81%E0%B8%9E%E0%B8%A3%E0%B9%8C-%E0%B8%A1%E0%B8%AD%E0%B8%A2%E0%B9%80%E0%B8%88%E0%B8%AD%E0%B8%A3%E0%B9%8C%E0%B9%84%E0%B8%A3%E0%B9%80%E0%B8%8B%E0%B8%AD%E0%B8%A3%E0%B9%8C-%E0%B9%80%E0%B8%88%E0%B8%A5-30-%E0%B8%81%E0%B8%A3%E0%B8%B1%E0%B8%A1/p/BP_307621,2025-08-25 15:08:56
https://www.watsons.co.th/th/%E0%B8%A5%E0%B8%AD%E0%B8%A3%E0%B8%B5%E0%B8%AD%E0%B8%B1%E0%B8%A5-%E0%B8%9B%E0%B8%B2%E0%B8%A3%E0%B8%B5%E0%B8%AA-%E0%B8%AD%E0%B8%B4%E0%B8%99%E0%B8%9F%E0%B8%AD%E0%B8%A5%E0%B8%A5%E0%B8%B4%E0%B9%80%E0%B8%9A%E0%B8%B4%E0%B8%A5-%E0%B9%82%E0%B8%9B%E0%B8%A3-%E0%B8%84%E0%B8%B1%E0%B8%9F%E0%B9%80%E0%B8%A7%E0%B8%AD%E0%B8%A3%E0%B9%8C-%E0%B8%84%E0%B8%B8%E0%B8%8A%E0%B8%8A%E0%B8%B1%E0%B9%88%E0%B8%99-14%E0%B8%81.-120/p/BP_315891,2025-08-25 15:08:56
https://www.watsons.co.th/th/%E0%B8%A1%E0%B8%B4%E0%B8%A5%E0%B9%80%E0%B8%A5%E0%B9%88-%E0%B8%AA%E0%B9%80%E0%B8%99%E0%B8%A5-%E0%B9%84%E0%B8%9A%E0%B8%A3%E0%B9%8C%E0%B8%97-%E0%B9%84%E0%B8%9E%E0%B8%A3%E0%B9%80%E0%B8%A1%E0%B8%AD%E0%B8%A3%E0%B9%8C-spf15-pa-8%E0%B8%81./p/BP_305313,2025-08-25 15:08:56
https://www.watsons.co.th/th/%E0%B8%AD%E0%B8%B4%E0%B8%99%E0%B8%97%E0%B8%B9%E0%B8%AD%E0%B8%B4%E0%B8%97-%E0%B9%84%E0%B8%9E%E0%B8%A3%E0%B9%80%E0%B8%A1%E0%B8%AD%E0%B8%A3%E0%B9%8C-%E0%B9%82%E0%B8%81%E0%B8%A5%E0%B8%A7%E0%B9%8C-spf25-pa-%E0%B9%80%E0%B8%9A%E0%B8%A5%E0%B8%AD%E0%B8%A3%E0%B8%B4%E0%B8%87-%E0%B9%80%E0%B8%A3%E0%B9%80%E0%B8%94%E0%B8%B5%E0%B8%A2%E0%B8%99%E0%B8%97%E0%B9%8C-%E0%B9%82%E0%B8%81%E0%B8%A5%E0%B8%A7%E0%B9%8C-%E0%B9%80%E0%B8%AD%E0%B8%AD%E0%B8%A3%E0%B9%8C%E0%B9%80%E0%B8%9A%E0%B8%B4%E0%B8%99-%E0%B8%8A%E0%B8%B4%E0%B8%A5%E0%B8%94%E0%B9%8C-15%E0%B8%81./p/BP_315342,2025-08-25 15:08:56
https://www.watsons.co.th/th/bifesta-%E0%B8%9A%E0%B8%B5%E0%B9%80%E0%B8%9F%E0%B8%AA%E0%B8%95%E0%B9%89%E0%B8%B2-%E0%B9%84%E0%B8%A1%E0%B9%80%E0%B8%8B%E0%B8%A5%E0%B8%A5%E0%B9%88%E0%B8%B2-%E0%B8%84%E0%B8%A5%E0%B8%B5%E0%B8%99%E0%B8%8B%E0%B8%B4%E0%B9%88%E0%B8%87-%E0%B8%A7%E0%B8%AD%E0%B9%80%E0%B8%97%E0%B8%AD%E0%B8%A3%E0%B9%8C-%E0%B9%81%E0%B8%AD%E0%B8%84%E0%B9%80%E0%B8%99%E0%B9%88-%E0%B8%8A%E0%B8%99%E0%B8%B4%E0%B8%94%E0%B9%80%E0%B8%95%E0%B8%B4%E0%B8%A1-360-%E0%B8%A1%E0%B8%A5./p/BP_263962,2025-08-25 15:08:56
https://www.watsons.co.th/th/%E0%B9%80%E0%B8%AE%E0%B8%AD-%E0%B9%84%E0%B8%AE%E0%B9%80%E0%B8%99%E0%B8%AA-%E0%B8%A2%E0%B8%B9%E0%B8%A7%E0%B8%B5-%E0%B8%AD%E0%B8%B0%E0%B9%81%E0%B8%94%E0%B8%9B%E0%B8%97%E0%B9%8C-%E0%B9%84%E0%B8%AE%E0%B8%A2%E0%B8%B2-%E0%B8%A7%E0%B8%AD%E0%B9%80%E0%B8%95%E0%B8%AD%E0%B8%A3%E0%B9%8C-%E0%B8%8B%E0%B8%B1%E0%B8%99%E0%B8%AA%E0%B8%81%E0%B8%A3%E0%B8%B5%E0%B8%99-spf50-pa-30-%E0%B8%A1%E0%B8%A5./p/BP_317001,2025-08-25 15:08:56
https://www.watsons.co.th/th/%E0%B8%84%E0%B8%A5%E0%B8%B5%E0%B8%99%E0%B8%8B%E0%B8%B4%E0%B9%88%E0%B8%87-mizumi-smooth-cleansing-water-%E0%B8%A1%E0%B8%B4%E0%B8%8B%E0%B8%B6%E0%B8%A1%E0%B8%B4-%E0%B8%AA%E0%B8%A1%E0%B8%B9%E0%B8%98-%E0%B8%84%E0%B8%A5%E0%B8%B5%E0%B8%99%E0%B8%8B%E0%B8%B4%E0%B9%88%E0%B8%87-%E0%B8%A7%E0%B8%AD%E0%B9%80%E0%B8%95%E0%B8%AD%E0%B8%A3%E0%B9%8C-500-%E0%B8%A1%E0%B8%A5./p/BP_265963,2025-08-25 15:08:56
https://www.watsons.co.th/th/%E0%B8%A1%E0%B8%B4%E0%B8%8B%E0%B8%B6%E0%B8%A1%E0%B8%B4-%E0%B8%9A%E0%B8%B5%E0%B8%97%E0%B8%A3%E0%B8%B5-%E0%B9%80%E0%B8%AD%E0%B9%80%E0%B8%AD%E0%B8%8A%E0%B9%80%E0%B8%AD-%E0%B9%84%E0%B8%A7%E0%B8%97%E0%B9%8C-%E0%B8%9A%E0%B8%AD%E0%B8%94%E0%B8%B5%E0%B9%89-%E0%B8%9A%E0%B8%B9%E0%B8%AA%E0%B9%80%E0%B8%95%E0%B8%AD%E0%B8%A3%E0%B9%8C-250-%E0%B8%A1%E0%B8%A5.-%E0%B8%9C%E0%B8%A5%E0%B8%B4%E0%B8%95%E0%B8%A0%E0%B8%B1%E0%B8%93%E0%B8%91%E0%B9%8C%E0%B8%9A%E0%B8%B3%E0%B8%A3%E0%B8%B8%E0%B8%87%E0%B8%9C%E0%B8%B4%E0%B8%A7%E0%B8%81%E0%B8%B2%E0%B8%A2/p/BP_302305,2025-08-25 15:08:56
https://www.watsons.co.th/th/%E0%B9%84%E0%B8%AD%E0%B8%A3%E0%B8%B4%E0%B8%AA-%E0%B9%82%E0%B8%AD%E0%B8%A2%E0%B8%B2%E0%B8%A1%E0%B8%B0-%E0%B8%9C%E0%B9%89%E0%B8%B2%E0%B9%80%E0%B8%8A%E0%B9%87%E0%B8%94%E0%B8%97%E0%B8%B3%E0%B8%84%E0%B8%A7%E0%B8%B2%E0%B8%A1%E0%B8%AA%E0%B8%B0%E0%B8%AD%E0%B8%B2%E0%B8%94%E0%B9%81%E0%B8%9A%E0%B8%9A%E0%B9%80%E0%B8%9B%E0%B8%B5%E0%B8%A2%E0%B8%81-%E0%B8%AA%E0%B8%B9%E0%B8%95%E0%B8%A3%E0%B8%AD%E0%B9%88%E0%B8%AD%E0%B8%99%E0%B9%82%E0%B8%A2%E0%B8%99-20-%E0%B9%81%E0%B8%9C%E0%B9%88%E0%B8%99/p/BP_305652,2025-08-25 15:08:56
https://www.watsons.co.th/th/%E0%B9%81%E0%B8%9E%E0%B8%A5%E0%B8%99%E0%B9%80%E0%B8%95%E0%B9%89-%E0%B9%82%E0%B8%9B%E0%B8%A3%E0%B8%95%E0%B8%B5%E0%B8%99%E0%B8%9E%E0%B8%B7%E0%B8%8A-%E0%B8%A3%E0%B8%AA%E0%B8%8A%E0%B8%B2%E0%B9%84%E0%B8%97%E0%B8%A2-400-%E0%B8%81%E0%B8%A3%E0%B8%B1%E0%B8%A1/p/BP_318510,2025-08-25 15:08:56
https://www.watsons.co.th/th/%E0%B8%A2%E0%B8%B9%E0%B9%80%E0%B8%8B%E0%B8%AD%E0%B8%A3%E0%B8%B4%E0%B8%99-%E0%B9%82%E0%B8%9B%E0%B8%A3-%E0%B9%81%E0%B8%AD%E0%B8%84%E0%B9%80%E0%B8%99%E0%B9%88-%E0%B9%81%E0%B8%AD%E0%B8%99%E0%B8%95%E0%B8%B4-%E0%B9%81%E0%B8%AD%E0%B8%84%E0%B9%80%E0%B8%99%E0%B9%88-%E0%B8%A1%E0%B8%B2%E0%B8%A3%E0%B9%8C%E0%B8%84-7-%E0%B8%A1%E0%B8%A5.-%E0%B9%80%E0%B8%8B%E0%B8%A3%E0%B8%B1%E0%B9%88%E0%B8%A1%E0%B8%AA%E0%B8%B3%E0%B8%AB%E0%B8%A3%E0%B8%B1%E0%B8%9A%E0%B8%9C%E0%B8%B9%E0%B9%89%E0%B8%A1%E0%B8%B5%E0%B8%A3%E0%B8%AD%E0%B8%A2%E0%B8%AA%E0%B8%B4%E0%B8%A7-%E0%B8%9C%E0%B8%B4%E0%B8%A7%E0%B8%A1%E0%B8%B1%E0%B8%99/p/BP_305787,2025-08-25 15:08:56
https://www.watsons.co.th/th/%E0%B8%A7%E0%B8%B4%E0%B8%AA%E0%B8%97%E0%B8%A3%E0%B9%89%E0%B8%B2-%E0%B8%99%E0%B9%89%E0%B8%B3%E0%B8%A1%E0%B8%B1%E0%B8%99%E0%B8%9B%E0%B8%A5%E0%B8%B2%E0%B9%81%E0%B8%8B%E0%B8%A5%E0%B8%A1%E0%B8%AD%E0%B8%99-1000-%E0%B8%A1%E0%B8%81.-30-%E0%B9%80%E0%B8%A1%E0%B9%87%E0%B8%94/p/BP_290048,2025-08-25 15:08:56
https://www.watsons.co.th/th/g-lucky-fit-%E0%B8%88%E0%B8%B5-%E0%B8%A5%E0%B8%B1%E0%B8%84%E0%B8%81%E0%B8%B5%E0%B9%89-%E0%B8%9F%E0%B8%B4%E0%B8%95%E0%B8%AB%E0%B8%99%E0%B9%89%E0%B8%B2%E0%B8%81%E0%B8%B2%E0%B8%81%E0%B8%AD%E0%B8%99%E0%B8%B2%E0%B8%A1%E0%B8%B1%E0%B8%A2-3-%E0%B8%A1%E0%B8%B4%E0%B8%95%E0%B8%B4-%E0%B8%AA%E0%B8%B5%E0%B8%94%E0%B8%B3-5-%E0%B8%8A%E0%B8%B4%E0%B9%89%E0%B8%99/p/BP_303190,2025-08-25 15:08:56
https://www.watsons.co.th/th/%E0%B9%82%E0%B8%AD%E0%B8%81%E0%B8%B2%E0%B9%82%E0%B8%A1%E0%B9%82%E0%B8%95-%E0%B8%8B%E0%B8%B5%E0%B9%82%E0%B8%A3%E0%B9%88-%E0%B8%8B%E0%B8%B5%E0%B9%82%E0%B8%A3%E0%B9%88-%E0%B8%97%E0%B8%A3%E0%B8%B5-2%E0%B8%8A%E0%B8%B4%E0%B9%89%E0%B8%99/p/BP_247576,2025-08-25 15:08:56
https://www.watsons.co.th/th/%E0%B9%81%E0%B8%9B%E0%B9%89%E0%B8%87%E0%B8%9E%E0%B8%B1%E0%B8%9F-%E0%B9%80%E0%B8%A1%E0%B8%A2%E0%B9%8C%E0%B9%80%E0%B8%9A%E0%B8%A5%E0%B8%A5%E0%B8%B5%E0%B8%99-maybelline-%E0%B8%99%E0%B8%B4%E0%B8%A7%E0%B8%A2%E0%B8%AD%E0%B8%A3%E0%B9%8C%E0%B8%81-%E0%B8%9F%E0%B8%B4%E0%B8%95-%E0%B8%A1%E0%B8%B5-%E0%B9%81%E0%B8%A1%E0%B8%97-%E0%B8%9E%E0%B8%AD%E0%B8%A3%E0%B9%8C%E0%B9%80%E0%B8%A5%E0%B8%AA-%E0%B8%9E%E0%B8%B2%E0%B8%A7%E0%B9%80%E0%B8%94%E0%B8%AD%E0%B8%A3%E0%B9%8C-6%E0%B8%81.-118/p/BP_284384,2025-08-25 15:08:56
https://www.watsons.co.th/th/%E0%B9%80%E0%B8%A1%E0%B8%81%E0%B9%89%E0%B8%B2-%E0%B8%A7%E0%B8%B5%E0%B9%81%E0%B8%84%E0%B8%A3%E0%B9%8C-%E0%B8%99%E0%B9%89%E0%B8%B3%E0%B8%A1%E0%B8%B1%E0%B8%99%E0%B8%9B%E0%B8%A5%E0%B8%B2-1000-%E0%B8%A1%E0%B8%81.-%E0%B8%82%E0%B8%99%E0%B8%B2%E0%B8%94-30-%E0%B9%81%E0%B8%84%E0%B8%9B%E0%B8%8B%E0%B8%B9%E0%B8%A5/p/BP_261609,2025-08-25 15:08:56
